Workbook

Sheet المهام
A1: م | B1: المنتج | C1: وصف المهمة | D1: التاريخ | E1: الحالة | F1: الفئة | G1: المسؤول عن المتابعة | H1: ملاحظات | I1: أيام حتى الموعد | J1: الوضع الزمني
A2: 1 | B2: المنتج الأول — المحتوى الرقمي (188 بوست) | C2: تقديم 40 مقترح للمحتوى ليُغطى (الأمانة – المكاتب) بناءً على المرتكزات المتفق عليها | D2: 46261 | E2: لم تبدأ | F2: الأمانة والمكاتب | I2: =D2-TODAY() -> -7 | J2: =IF(E2="منجزة","منجزة",IF(D2<TODAY(),"متأخرة",IF(D2<=TODAY()+7,"تستحق قريبًا","قادمة"))) -> متأخرة
A3: 2 | B3: المنتج الأول — المحتوى الرقمي (188 بوست) | C3: إنتاج وتصميم 40 بوست منشور لمنصات النشر المعتمدة (عربي وإنجليزي) | D3: 46271 | E3: لم تبدأ | F3: الإنتاج والتصميم | I3: =D3-TODAY() -> 3 | J3: =IF(E3="منجزة","منجزة",IF(D3<TODAY(),"متأخرة",IF(D3<=TODAY()+7,"تستحق قريبًا","قادمة"))) -> تستحق قريبًا
A4: 3 | B4: المنتج الأول — المحتوى الرقمي (188 بوست) | C4: تقديم الملاحظات النهائية على منتجات الـ40 بوست (عربي وإنجليزي) | D4: 46273 | E4: لم تبدأ | F4: الأمانة والمكاتب | I4: =D4-TODAY() -> 5 | J4: =IF(E4="منجزة","منجزة",IF(D4<TODAY(),"متأخرة",IF(D4<=TODAY()+7,"تستحق قريبًا","قادمة"))) -> تستحق قريبًا
A5: 4 | B5: المنتج الأول — المحتوى الرقمي (188 بوست) | C5: التسليم النهائي لمنتجات الـ40 بوست (عربي وإنجليزي) للنشر | D5: 46278 | E5: لم تبدأ | F5: الإنتاج والتصميم | I5: =D5-TODAY() -> 10 | J5: =IF(E5="منجزة","منجزة",IF(D5<TODAY(),"متأخرة",IF(D5<=TODAY()+7,"تستحق قريبًا","قادمة"))) -> قادمة
A6: 5 | B6: المنتج الأول — المحتوى الرقمي (188 بوست) | C6: نشر جميع المنتجات (موقع – مجتمعات – منصات) بمتوسط منتَجين يوميًا | D6: 46280 | E6: لم تبدأ | F6: الأمانة والمكاتب | H6: يستمر 30 يومًا | I6: =D6-TODAY() -> 12 | J6: =IF(E6="منجزة","منجزة",IF(D6<TODAY(),"متأخرة",IF(D6<=TODAY()+7,"تستحق قريبًا","قادمة"))) -> قادمة
A7: 6 | B7: المنتج الأول — المحتوى الرقمي (188 بوست) | C7: تقديم 68 مقترح للمحتوى ليُغطى (الأمانة – المكاتب) بناءً على المرتكزات المتفق عليها | D7: 46285 | E7: لم تبدأ | F7: الأمانة والمكاتب | I7: =D7-TODAY() -> 17 | J7: =IF(E7="منجزة","منجزة",IF(D7<TODAY(),"متأخرة",IF(D7<=TODAY()+7,"تستحق قريبًا","قادمة"))) -> قادمة
A8: 7 | B8: المنتج الأول — المحتوى الرقمي (188 بوست) | C8: إنتاج وتصميم 68 بوست منشور لمنصات النشر المعتمدة (عربي وإنجليزي) | D8: 46299 | E8: لم تبدأ | F8: الإنتاج والتصميم | I8: =D8-TODAY() -> 31 | J8: =IF(E8="منجزة","منجزة",IF(D8<TODAY(),"متأخرة",IF(D8<=TODAY()+7,"تستحق قريبًا","قادمة"))) -> قادمة
A9: 8 | B9: المنتج الأول — المحتوى الرقمي (188 بوست) | C9: تقديم الملاحظات النهائية على منتجات الـ68 بوست (عربي وإنجليزي) | D9: 46303 | E9: لم تبدأ | F9: الأمانة والمكاتب | I9: =D9-TODAY() -> 35 | J9: =IF(E9="منجزة","منجزة",IF(D9<TODAY(),"متأخرة",IF(D9<=TODAY()+7,"تستحق قريبًا","قادمة"))) -> قادمة
A10: 9 | B10: المنتج الأول — المحتوى الرقمي (188 بوست) | C10: التسليم النهائي لمنتجات الـ68 بوست (عربي وإنجليزي) للنشر | D10: 46307 | E10: لم تبدأ | F10: الإنتاج والتصميم | I10: =D10-TODAY() -> 39 | J10: =IF(E10="منجزة","منجزة",IF(D10<TODAY(),"متأخرة",IF(D10<=TODAY()+7,"تستحق قريبًا","قادمة"))) -> قادمة
A11: 10 | B11: المنتج الأول — المحتوى الرقمي (188 بوست) | C11: نشر جميع المنتجات (موقع – مجتمعات – منصات) بمتوسط منتَجين يوميًا | D11: 46310 | E11: لم تبدأ | F11: الأمانة والمكاتب | H11: يستمر 30 يومًا | I11: =D11-TODAY() -> 42 | J11: =IF(E11="منجزة","منجزة",IF(D11<TODAY(),"متأخرة",IF(D11<=TODAY()+7,"تستحق قريبًا","قادمة"))) -> قادمة
A12: 11 | B12: المنتج الأول — المحتوى الرقمي (188 بوست) | C12: تقديم 80 مقترح للمحتوى ليُغطى (الأمانة – المكاتب) بناءً على المرتكزات المتفق عليها | D12: 46313 | E12: لم تبدأ | F12: الأمانة والمكاتب | I12: =D12-TODAY() -> 45 | J12: =IF(E12="منجزة","منجزة",IF(D12<TODAY(),"متأخرة",IF(D12<=TODAY()+7,"تستحق قريبًا","قادمة"))) -> قادمة
A13: 12 | B13: المنتج الأول — المحتوى الرقمي (188 بوست) | C13: إنتاج وتصميم 80 بوست منشور لمنصات النشر المعتمدة (عربي وإنجليزي) | D13: 46329 | E13: لم تبدأ | F13: الإنتاج والتصميم | I13: =D13-TODAY() -> 61 | J13: =IF(E13="منجزة","منجزة",IF(D13<TODAY(),"متأخرة",IF(D13<=TODAY()+7,"تستحق قريبًا","قادمة"))) -> قادمة
A14: 13 | B14: المنتج الأول — المحتوى الرقمي (188 بوست) | C14: تقديم الملاحظات النهائية على منتجات الـ80 بوست (عربي وإنجليزي) | D14: 46334 | E14: لم تبدأ | F14: الأمانة والمكاتب | I14: =D14-TODAY() -> 66 | J14: =IF(E14="منجزة","منجزة",IF(D14<TODAY(),"متأخرة",IF(D14<=TODAY()+7,"تستحق قريبًا","قادمة"))) -> قادمة
A15: 14 | B15: المنتج الأول — المحتوى الرقمي (188 بوست) | C15: التسليم النهائي لمنتجات الـ80 بوست (عربي وإنجليزي) للنشر | D15: 46339 | E15: لم تبدأ | F15: الإنتاج والتصميم | I15: =D15-TODAY() -> 71 | J15: =IF(E15="منجزة","منجزة",IF(D15<TODAY(),"متأخرة",IF(D15<=TODAY()+7,"تستحق قريبًا","قادمة"))) -> قادمة
A16: 15 | B16: المنتج الأول — المحتوى الرقمي (188 بوست) | C16: نشر جميع المنتجات (موقع – مجتمعات – منصات) بمتوسط منتَجين يوميًا | D16: 46341 | E16: لم تبدأ | F16: الأمانة والمكاتب | H16: يستمر 30 يومًا | I16: =D16-TODAY() -> 73 | J16: =IF(E16="منجزة","منجزة",IF(D16<TODAY(),"متأخرة",IF(D16<=TODAY()+7,"تستحق قريبًا","قادمة"))) -> قادمة
A17: 16 | B17: المنتج الأول — المحتوى الرقمي (188 بوست) | C17: معلم رئيسي: تسليم خطة المنتج الثاني (الجزء الثاني من الخطة الزمنية) | D17: 46343 | E17: لم تبدأ | F17: معلم رئيسي | H17: معلم | I17: =D17-TODAY() -> 75 | J17: =IF(E17="منجزة","منجزة",IF(D17<TODAY(),"متأخرة",IF(D17<=TODAY()+7,"تستحق قريبًا","قادمة"))) -> قادمة
A18: 1 | B18: المنتج الثاني — إنفوجرافيك معلوماتي (13) | C18: تقديم 13 مقترح محتوى للإنفوجرافيك ليُغطى (الأمانة – المكاتب) بناءً على المرتكزات | D18: 46266 | E18: لم تبدأ | F18: الأمانة والمكاتب | I18: =D18-TODAY() -> -2 | J18: =IF(E18="منجزة","منجزة",IF(D18<TODAY(),"متأخرة",IF(D18<=TODAY()+7,"تستحق قريبًا","قادمة"))) -> متأخرة
A19: 2 | B19: المنتج الثاني — إنفوجرافيك معلوماتي (13) | C19: إنتاج وتصميم 13 إنفوجرافيك للنشر على منصات النشر المعتمدة (عربي وإنجليزي) | D19: 46277 | E19: لم تبدأ | F19: الإنتاج والتصميم | I19: =D19-TODAY() -> 9 | J19: =IF(E19="منجزة","منجزة",IF(D19<TODAY(),"متأخرة",IF(D19<=TODAY()+7,"تستحق قريبًا","قادمة"))) -> قادمة
A20: 3 | B20: المنتج الثاني — إنفوجرافيك معلوماتي (13) | C20: تقديم الملاحظات النهائية على منتجات الـ13 إنفوجرافيك (عربي وإنجليزي) | D20: 46280 | E20: لم تبدأ | F20: الأمانة والمكاتب | I20: =D20-TODAY() -> 12 | J20: =IF(E20="منجزة","منجزة",IF(D20<TODAY(),"متأخرة",IF(D20<=TODAY()+7,"تستحق قريبًا","قادمة"))) -> قادمة
A21: 4 | B21: المنتج الثاني — إنفوجرافيك معلوماتي (13) | C21: التسليم النهائي لمنتجات الـ13 إنفوجرافيك (عربي وإنجليزي) للنشر | D21: 46288 | E21: لم تبدأ | F21: الإنتاج والتصميم | I21: =D21-TODAY() -> 20 | J21: =IF(E21="منجزة","منجزة",IF(D21<TODAY(),"متأخرة",IF(D21<=TODAY()+7,"تستحق قريبًا","قادمة"))) -> قادمة
A22: 5 | B22: المنتج الثاني — إنفوجرافيك معلوماتي (13) | C22: نشر جميع منتجات الإنفوجرافيك (موقع – مجتمعات – منصات) كل يوم جمعة | D22: 46290 | E22: لم تبدأ | F22: الأمانة والمكاتب | H22: يستمر 30 يومًا | I22: =D22-TODAY() -> 22 | J22: =IF(E22="منجزة","منجزة",IF(D22<TODAY(),"متأخرة",IF(D22<=TODAY()+7,"تستحق قريبًا","قادمة"))) -> قادمة
A23: 1 | B23: المنتج الثالث — فيلم توعوي تعريفي (3 أفلام) | C23: تقديم 3 مقترحات لمحتوى الفيلم لتُغطى (الأمانة – المكاتب) بناءً على المرتكزات | D23: 46266 | E23: لم تبدأ | F23: الأمانة والمكاتب | I23: =D23-TODAY() -> -2 | J23: =IF(E23="منجزة","منجزة",IF(D23<TODAY(),"متأخرة",IF(D23<=TODAY()+7,"تستحق قريبًا","قادمة"))) -> متأخرة
A24: 2 | B24: المنتج الثالث — فيلم توعوي تعريفي (3 أفلام) | C24: كتابة 3 سيناريوهات مقترحة لأفلام منصات النشر المعتمدة | D24: 46277 | E24: لم تبدأ | F24: الإنتاج والتصميم | I24: =D24-TODAY() -> 9 | J24: =IF(E24="منجزة","منجزة",IF(D24<TODAY(),"متأخرة",IF(D24<=TODAY()+7,"تستحق قريبًا","قادمة"))) -> قادمة
A25: 3 | B25: المنتج الثالث — فيلم توعوي تعريفي (3 أفلام) | C25: تقديم الملاحظات النهائية على السيناريوهات الثلاثة | D25: 46280 | E25: لم تبدأ | F25: الأمانة والمكاتب | I25: =D25-TODAY() -> 12 | J25: =IF(E25="منجزة","منجزة",IF(D25<TODAY(),"متأخرة",IF(D25<=TODAY()+7,"تستحق قريبًا","قادمة"))) -> قادمة
A26: 4 | B26: المنتج الثالث — فيلم توعوي تعريفي (3 أفلام) | C26: تسليم الفيلم الأول، ثم تسليم فيلم من بقية الأفلام كل أسبوعين | D26: 46288 | E26: لم تبدأ | F26: الإنتاج والتصميم | H26: دورة أسبوعين لكل فيلم | I26: =D26-TODAY() -> 20 | J26: =IF(E26="منجزة","منجزة",IF(D26<TODAY(),"متأخرة",IF(D26<=TODAY()+7,"تستحق قريبًا","قادمة"))) -> قادمة
A27: 5 | B27: المنتج الثالث — فيلم توعوي تعريفي (3 أفلام) | C27: تقديم الملاحظات على الفيلم الأول، ثم كل 5 أيام لبقية الأفلام | D27: 46290 | E27: لم تبدأ | F27: الأمانة والمكاتب | H27: دورة 5 أيام | I27: =D27-TODAY() -> 22 | J27: =IF(E27="منجزة","منجزة",IF(D27<TODAY(),"متأخرة",IF(D27<=TODAY()+7,"تستحق قريبًا","قادمة"))) -> قادمة
A28: 6 | B28: المنتج الثالث — فيلم توعوي تعريفي (3 أفلام) | C28: تسليم النسخة النهائية للفيلم الأول، ثم كل أسبوعين لبقية الأفلام | D28: 46294 | E28: لم تبدأ | F28: الإنتاج والتصميم | H28: دورة أسبوعين لكل فيلم | I28: =D28-TODAY() -> 26 | J28: =IF(E28="منجزة","منجزة",IF(D28<TODAY(),"متأخرة",IF(D28<=TODAY()+7,"تستحق قريبًا","قادمة"))) -> قادمة
A29: 7 | B29: المنتج الثالث — فيلم توعوي تعريفي (3 أفلام) | C29: نشر الفيلم الأول، ثم نشر فيلم من بقية الأفلام في نهاية كل شهر | D29: 46295 | E29: لم تبدأ | F29: الأمانة والمكاتب | H29: يستمر 90 يومًا | I29: =D29-TODAY() -> 27 | J29: =IF(E29="منجزة","منجزة",IF(D29<TODAY(),"متأخرة",IF(D29<=TODAY()+7,"تستحق قريبًا","قادمة"))) -> قادمة
A30: 8 | B30: المنتج الثالث — فيلم توعوي تعريفي (3 أفلام) | C30: تقسيم كل فيلم إلى 4 أجزاء لتيك توك ونشرها خلال 3 أشهر لجميع الأفلام | D30: 46295 | E30: لم تبدأ | F30: الأمانة والمكاتب | H30: يستمر 90 يومًا | I30: =D30-TODAY() -> 27 | J30: =IF(E30="منجزة","منجزة",IF(D30<TODAY(),"متأخرة",IF(D30<=TODAY()+7,"تستحق قريبًا","قادمة"))) -> قادمة
A31: 1 | B31: المنتج الرابع — تقارير استراتيجية (3 تقارير) | C31: تقديم 3 مقترحات لمحتوى التقارير لتُغطى (الأمانة – المكاتب) بناءً على المرتكزات | D31: 46259 | E31: لم تبدأ | F31: الأمانة والمكاتب | I31: =D31-TODAY() -> -9 | J31: =IF(E31="منجزة","منجزة",IF(D31<TODAY(),"متأخرة",IF(D31<=TODAY()+7,"تستحق قريبًا","قادمة"))) -> متأخرة
A32: 2 | B32: المنتج الرابع — تقارير استراتيجية (3 تقارير) | C32: كتابة 3 مخططات تقارير مقترحة مع تحديد إطار كل صفحة من التقارير | D32: 46261 | E32: لم تبدأ | F32: الإنتاج والتصميم | I32: =D32-TODAY() -> -7 | J32: =IF(E32="منجزة","منجزة",IF(D32<TODAY(),"متأخرة",IF(D32<=TODAY()+7,"تستحق قريبًا","قادمة"))) -> متأخرة
A33: 3 | B33: المنتج الرابع — تقارير استراتيجية (3 تقارير) | C33: تقديم الملاحظات النهائية على مخططات التقارير المقترحة | D33: 46263 | E33: لم تبدأ | F33: الأمانة والمكاتب | I33: =D33-TODAY() -> -5 | J33: =IF(E33="منجزة","منجزة",IF(D33<TODAY(),"متأخرة",IF(D33<=TODAY()+7,"تستحق قريبًا","قادمة"))) -> متأخرة
A34: 4 | B34: المنتج الرابع — تقارير استراتيجية (3 تقارير) | C34: تسليم محتوى التقرير الأول، ثم تسليم محتوى بقية التقارير كل 3 أسابيع | D34: 46267 | E34: لم تبدأ | F34: الإنتاج والتصميم | H34: دورة 3 أسابيع | I34: =D34-TODAY() -> -1 | J34: =IF(E34="منجزة","منجزة",IF(D34<TODAY(),"متأخرة",IF(D34<=TODAY()+7,"تستحق قريبًا","قادمة"))) -> متأخرة
A35: 5 | B35: المنتج الرابع — تقارير استراتيجية (3 تقارير) | C35: تقديم الملاحظات على التقرير الأول، ثم كل 3 أسابيع لبقية التقارير | D35: 46270 | E35: لم تبدأ | F35: الأمانة والمكاتب | H35: دورة 3 أسابيع | I35: =D35-TODAY() -> 2 | J35: =IF(E35="منجزة","منجزة",IF(D35<TODAY(),"متأخرة",IF(D35<=TODAY()+7,"تستحق قريبًا","قادمة"))) -> تستحق قريبًا
A36: 6 | B36: المنتج الرابع — تقارير استراتيجية (3 تقارير) | C36: تسليم تصميم التقرير الأول، ثم كل 3 أسابيع لتصميم بقية التقارير | D36: 46280 | E36: لم تبدأ | F36: الإنتاج والتصميم | H36: دورة 3 أسابيع | I36: =D36-TODAY() -> 12 | J36: =IF(E36="منجزة","منجزة",IF(D36<TODAY(),"متأخرة",IF(D36<=TODAY()+7,"تستحق قريبًا","قادمة"))) -> قادمة
A37: 7 | B37: المنتج الرابع — تقارير استراتيجية (3 تقارير) | C37: تقديم الملاحظات على تصميم التقرير الأول، ثم كل 3 أسابيع لبقية التقارير | D37: 46283 | E37: لم تبدأ | F37: الأمانة والمكاتب | H37: يستمر 90 يومًا | I37: =D37-TODAY() -> 15 | J37: =IF(E37="منجزة","منجزة",IF(D37<TODAY(),"متأخرة",IF(D37<=TODAY()+7,"تستحق قريبًا","قادمة"))) -> قادمة
A38: 8 | B38: المنتج الرابع — تقارير استراتيجية (3 تقارير) | C38: تقديم النسخة النهائية للتقرير الأول، ثم كل 3 أسابيع لبقية التقارير | D38: 46290 | E38: لم تبدأ | F38: الإنتاج والتصميم | H38: دورة 3 أسابيع | I38: =D38-TODAY() -> 22 | J38: =IF(E38="منجزة","منجزة",IF(D38<TODAY(),"متأخرة",IF(D38<=TODAY()+7,"تستحق قريبًا","قادمة"))) -> قادمة
A39: 9 | B39: المنتج الرابع — تقارير استراتيجية (3 تقارير) | C39: طباعة التقرير وإرساله للجهات المختصة أو نشره في المنصات المعتمدة (كل شهر) | D39: 46295 | E39: لم تبدأ | F39: الأمانة والمكاتب | H39: يستمر 3 أشهر | I39: =D39-TODAY() -> 27 | J39: =IF(E39="منجزة","منجزة",IF(D39<TODAY(),"متأخرة",IF(D39<=TODAY()+7,"تستحق قريبًا","قادمة"))) -> قادمة

Sheet نظرة عامة
B2: الخطة الزمنية لمنتجات الإعلام — الجزء الأول
B3: الندوة العالمية للشباب الإسلامي (وامي) · أغسطس – نوفمبر 2026
B6: =COUNTA(المهام!$C$2:$C$39) -> 38 | C6: =COUNTIF(المهام!$E$2:$E$39,"منجزة") -> 0 | D6: =COUNTA(المهام!$C$2:$C$39)-COUNTIF(المهام!$E$2:$E$39,"منجزة") -> 38 | E6: =COUNTIFS(المهام!$D$2:$D$39,">="&TODAY(),المهام!$D$2:$D$39,"<="&TODAY()+7,المهام!$E$2:$E$39,"<>منجزة") -> 3 | F6: =COUNTIFS(المهام!$D$2:$D$39,"<"&TODAY(),المهام!$E$2:$E$39,"<>منجزة") -> 7
B7: إجمالي المهام | C7: مكتملة | D7: متبقية | E7: تستحق خلال 7 أيام | F7: متأخرة
B9: نسبة الإنجاز الكلية | C9: =COUNTIF(المهام!$E$2:$E$39,"منجزة")/COUNTA(المهام!$C$2:$C$39) -> 0
B11: الوقت المنقضي من الجزء الأول | C11: =MAX(0,MIN(1,(TODAY()-DATE(2026,8,25))/(DATE(2026,11,17)-DATE(2026,8,25)))) -> 0.10714286
B12: مؤشر الالتزام بالجدول | C12: =IF(C9-C11>=0.05,"متقدّم على الجدول",IF(C9-C11<=-0.1,"متأخر عن الجدول","ملتزم بالجدول تقريبًا")) -> متأخر عن الجدول
B15: التقدّم حسب المنتج
B16: المنتج | C16: الإجمالي | D16: مكتملة | E16: نسبة الإنجاز
B17: المنتج الأول — المحتوى الرقمي (188 بوست) | C17: =COUNTIF(المهام!$B$2:$B$39,$B17) -> 16 | D17: =COUNTIFS(المهام!$B$2:$B$39,$B17,المهام!$E$2:$E$39,"منجزة") -> 0 | E17: =D17/C17 -> 0
B18: المنتج الثاني — إنفوجرافيك معلوماتي (13) | C18: =COUNTIF(المهام!$B$2:$B$39,$B18) -> 5 | D18: =COUNTIFS(المهام!$B$2:$B$39,$B18,المهام!$E$2:$E$39,"منجزة") -> 0 | E18: =D18/C18 -> 0
B19: المنتج الثالث — فيلم توعوي تعريفي (3 أفلام) | C19: =COUNTIF(المهام!$B$2:$B$39,$B19) -> 8 | D19: =COUNTIFS(المهام!$B$2:$B$39,$B19,المهام!$E$2:$E$39,"منجزة") -> 0 | E19: =D19/C19 -> 0
B20: المنتج الرابع — تقارير استراتيجية (3 تقارير) | C20: =COUNTIF(المهام!$B$2:$B$39,$B20) -> 9 | D20: =COUNTIFS(المهام!$B$2:$B$39,$B20,المهام!$E$2:$E$39,"منجزة") -> 0 | E20: =D20/C20 -> 0
B24: دليل الاستخدام
B25: • الأعمدة المظللة باللون الأصفر في ورقة «المهام» (المسؤول عن المتابعة، ملاحظات) مخصّصة للتعبئة.
B26: • غيّر عمود «الحالة» عبر القائمة المنسدلة (لم تبدأ / قيد التنفيذ / منجزة) — الألوان والأرقام أعلاه تتحدّث تلقائيًا.
B27: • عند رفع الملف إلى Google Drive وفتحه كملف Google Sheets، يمكن تحويل عمود «الحالة» إلى مربعات اختيار فعلية من: تنسيق ← التحقق من صحة البيانات ← معيار: مربع اختيار.
